﻿{"cameraMode":{"drawMode":0,"name":"Shaded","section":"Shading Mode"},"sceneLighting":true,"audioPlay":false,"sceneViewState":{"showFog":true,"showMaterialUpdate":false,"showSkybox":true,"showFlares":true,"showImageEffects":true,"showParticleSystems":true},"in2DMode":false,"pivot":{"x":0.07551257312297821,"y":0.10672664642333985,"z":0.10353565216064453},"rotation":{"x":-0.34833788871765139,"y":-0.007876374758780003,"z":0.00292707490734756,"w":-0.9373338222503662},"size":3.9690194129943849,"orthographic":false}